<?xml version="1.0" encoding="UTF-8"?>
<configs>

	<!-- this first section here didnt' work, leaving it here to show in case someone can help me understand why at some point. -->
    <append xpath="/dialogs/dialog[@id='GenericNPC']/statement[@id='start']">
        <response_entry id="responseID_659229276" ref_text="How long until you quit working for me?" />
    </append>

  <append xpath="/dialogs/dialog[@id='GenericNPC']">
      <statement id="statement_852588277" text="statement_852588277">
        <response_entry id="response_1831753748" ref_text="Okay I'll keep that in mind." />
      <response id="responseID_659229276" text="responseID_659229276" nextstatementid="statement_852588277" >
	        <requirement type="Leader, SCore" requirementtype="Hide"/>
		</response>
      <response id="response_1831753748" text="response_1831753748" nextstatementid="start" />
      </statement>

    </append>

	<!-- what did work was changing the NPCID of all npc's to mjtest which changed their dialog ids to GenericNPCmj, however work is a strong word. what i mean is the dialog statement and response entries appeared in game when talking to a Hired NPC now, but the timer cvar fails to read from the NPC when viewed this way, instead targeting the player.  -->
  <append xpath="/dialogs">
    <dialog id="GenericNPCmj" startstatementid="start">
      <statement id="start" text="start">
        <response_entry id="responseID_659229276" ref_text="How long until you quit working for me?" />
        <response_entry id="FollowMe" ref_text="Follow me" />
        <response_entry id="ShowMe" ref_text="Show Me your inventory" />
        <response_entry id="StayHere" ref_text="Stay where you are standing" />
        <response_entry id="GuardHere" ref_text="Stay where I am standing" />
        <response_entry id="Wander" ref_text="Patrol around here" />
        <response_entry id="Loot" ref_text="Loot around here" />
        <response_entry id="Hire" ref_text="I am interested in hiring you." />
        <response_entry id="Dismiss" ref_text="Dismiss" />
        <response_entry id="done" ref_text="dialog_trader_response_nevermind" />
      </statement>
      <statement id="statement_852588277" text="statement_852588277">
        <response_entry id="response_1831753748" ref_text="Okay I'll keep that in mind." />
      </statement>
      <response id="Hire" text="Hire">
        <requirement type="HiredSDX, SCore" value="not" requirementtype="Hide" Hash="Requirement_1609124438" />
        <action type="OpenDialogSDX, SCore" id="Hire" />
      </response>
      <response id="FollowMe" text="FollowMe">
        <requirement type="Leader, SCore" requirementtype="Hide" Hash="Requirement_-1816514361" />
        <action type="AddBuffSDX, SCore" id="buffOrderFollow" value="Self" />
      </response>
      <response id="ShowMe" text="ShowMe">
        <requirement type="Leader, SCore" requirementtype="Hide" Hash="Requirement_-1816514361" />
        <action type="ExecuteCommandSDX, SCore" id="OpenInventory" />
      </response>
      <response id="StayHere" text="StayHere">
        <requirement type="Leader, SCore" requirementtype="Hide" Hash="Requirement_-1816514361" />
        <action type="AddBuffSDX, SCore" id="buffOrderStay" value="Self" />
      </response>
      <response id="Wander" text="Wander">
        <requirement type="Leader, SCore" requirementtype="Hide" Hash="Requirement_-1816514361" />
        <action type="AddBuffSDX, SCore" id="buffOrderWander" value="Self" />
      </response>
      <response id="GuardHere" text="GuardHere">
        <requirement type="Leader, SCore" requirementtype="Hide" Hash="Requirement_-1816514361" />
        <requirement type="HasTask, SCore" value="Stay" requirementtype="Hide" Hash="Requirement_-1189044466" />
        <action type="AddBuffSDX, SCore" id="buffOrderGuardHere" value="Self" />
      </response>
      <response id="Loot" text="Loot">
        <requirement type="Leader, SCore" requirementtype="Hide" Hash="Requirement_-1816514361" />
        <requirement type="HasTask, SCore" value="LootBasic" requirementtype="Hide" Hash="Requirement_-894545749" />
        <action type="AddBuffSDX, SCore" id="buffOrderLoot" value="Self" />
      </response>
      <response id="Dismiss" text="Dismiss">
        <requirement type="Leader, SCore" requirementtype="Hide" Hash="Requirement_-1816514361" />
        <action type="ExecuteCommandSDX, SCore" id="Dismiss" />
        <action type="AddBuffSDX, SCore" id="buffOrderDismiss" value="Self" />
      </response>
      <response id="done" text="done" />
      <response id="responseID_659229276" text="responseID_659229276" nextstatementid="statement_852588277" />
      <response id="response_1831753748" text="response_1831753748" nextstatementid="start" />
    </dialog>
    <dialog id="FarmerXmj" startstatementid="start">
      <statement id="start" text="start">
        <response_entry id="responseID_-1128936168" ref_text="responseID_-1128936168" />
        <response_entry id="responseID_-1290029400" ref_text="responseID_-1290029400" />
        <response_entry id="responseID_1101680756" ref_text="responseID_1101680756" />
      </statement>
      <statement id="statement_-1333722013" text="statement_-1333722013" nextstatementid="start" />
      <statement id="statement_1334552027" text="statement_1334552027" nextstatementid="start" />
      <response id="responseID_-1128936168" text="responseID_-1128936168" nextstatementid="statement_-1333722013" />
      <response id="responseID_-1290029400" text="responseID_-1290029400" nextstatementid="statement_1334552027" />
      <response id="responseID_1101680756" text="responseID_1101680756" />
    </dialog>
    <dialog id="AmjFarmerSurvivor" startstatementid="start">
      <statement id="start" text="start">
        <response_entry id="responseID_1595140464" ref_text="responseID_1595140464" />
        <response_entry id="responseID_-307220871" ref_text="responseID_-307220871" />
      </statement>
      <statement id="statement_-1684104497" text="statement_-1684104497">
        <response_entry id="response_-24413466" ref_text="response_-24413466" />
      </statement>
      <response id="responseID_1595140464" text="responseID_1595140464" nextstatementid="statement_-1684104497" />
      <response id="response_-24413466" text="response_-24413466" nextstatementid="start" />
      <response id="responseID_-307220871" text="responseID_-307220871" />
    </dialog>
    <dialog id="GenericNPCAnimalXmj" startstatementid="start">
      <statement id="start" text="start">
        <response_entry id="FollowMe" ref_text="Follow Me" />
        <response_entry id="ShowMe" ref_text="Whats in your pack?" />
        <response_entry id="StayHere" ref_text="Stay right there" />
        <response_entry id="GuardHere" ref_text="Stay over here" />
        <response_entry id="Wander" ref_text="Go play around here" />
        <response_entry id="Loot" ref_text="Loot around here" />
        <response_entry id="Hire" ref_text="Hey little one, You look lost.  Want to come with me?  I have snacks!" />
        <response_entry id="Dismiss" ref_text="Abandon" />
        <response_entry id="done" ref_text="dialog_trader_response_nevermind" />
      </statement>
      <statement id="currentjobs" text="currentjobs">
        <quest_entry type="add" id="0" />
      </statement>
      <response id="jobsnone" text="jobsnone" nextstatementid="nojobs">
        <requirement type="HasQuestSDX, SCore" requirementtype="Hide" Hash="Requirement_103649574" />
        <requirement type="QuestStatus" value="InProgress" requirementtype="Hide" Hash="Requirement_1318699843" />
      </response>
      <response id="jobshave" text="jobshave" nextstatementid="currentjobs">
        <requirement type="HasQuestSDX, SCore" requirementtype="Hide" Hash="Requirement_103649574" />
        <requirement type="QuestStatus" value="NotStarted" requirementtype="Hide" Hash="Requirement_1079517332" />
        <action type="AddJournalEntry" id="questTip" />
      </response>
      <response id="Hire" text="Hire">
        <requirement type="HiredSDX, SCore" value="not" requirementtype="Hide" Hash="Requirement_1609124438" />
        <action type="OpenDialogSDX, SCore" id="Hire" />
      </response>
      <response id="FollowMe" text="FollowMe">
        <requirement type="Leader, SCore" requirementtype="Hide" Hash="Requirement_-1816514361" />
        <action type="ExecuteCommandSDX, SCore" id="FollowMe" />
      </response>
      <response id="ShowMe" text="ShowMe">
        <requirement type="Leader, SCore" requirementtype="Hide" Hash="Requirement_-1816514361" />
        <action type="ExecuteCommandSDX, SCore" id="OpenInventory" />
      </response>
      <response id="StayHere" text="StayHere">
        <requirement type="Leader, SCore" requirementtype="Hide" Hash="Requirement_-1816514361" />
        <action type="AddBuffSDX, SCore" id="buffOrderStay" value="Self" />
      </response>
      <response id="Wander" text="Wander">
        <requirement type="Leader, SCore" requirementtype="Hide" Hash="Requirement_-1816514361" />
        <action type="AddBuffSDX, SCore" id="buffOrderWander" value="Self" />
      </response>
      <response id="Loot" text="Loot">
        <requirement type="Leader, SCore" requirementtype="Hide" Hash="Requirement_-1816514361" />
        <action type="AddBuffSDX, SCore" id="buffOrderLoot" value="Self" />
      </response>
      <response id="GuardHere" text="GuardHere">
        <requirement type="Leader, SCore" requirementtype="Hide" Hash="Requirement_-1816514361" />
        <requirement type="HasTask, SCore" value="Stay" requirementtype="Hide" Hash="Requirement_-1189044466" />
        <action type="AddBuffSDX, SCore" id="buffOrderGuardHere" value="Self" />
      </response>
      <response id="Dismiss" text="Dismiss">
        <requirement type="Leader, SCore" requirementtype="Hide" Hash="Requirement_-1816514361" />
        <action type="ExecuteCommandSDX, SCore" id="Dismiss" />
        <action type="AddBuffSDX, SCore" id="buffOrderDismiss" value="Self" />
      </response>
      <response id="done" text="done" />
    </dialog>
  </append>


	
</configs>
