<configs>
	<append xpath="/entity_classes">

	<!-- this is the original version from guppy, which will not spawn into world in a20 -->
		<!-- <entity_class name="guppyRobotDog" extends="animalTemplateTimid">
			<property name="Tags" value="entity,animal,npc,rabbit,perkAT01,perkAT02,perkAT03,perkAT04,perkAT05"/>
			<property name="MapIcon" value="ui_game_symbol_tracking_rabbit"/>
			<property name="TrackerIcon" value="ui_game_symbol_run"/>
			<property name="AvatarController" value="AvatarAnimalController"/> 
			<property name="ModelType" value="Standard"/>
			<property name="Prefab" value="NPC"/>
			<property name="Class" value="EntityAnimalRabbit"/>
			<property name="RotateToGround" value="false"/>
			<property name="Parent" value="Animals"/>
			<property name="Weight" value="100"/>
			<property name="HasRagdoll" value="false"/> 
			<property name="HasDeathAnim" value="true"/>
			<property name="RootMotion" value="false"/>
			<property name="AIGroupCircle" value="1"/>
			<property name="AINoiseSeekDist" value="30"/>
			<property name="Mass" value="40"/>
			<property name="IsEntityAnimal" value="true"/>
			<property name="IsEnemyEntity" value="false"/> 			
			<property name="Mesh" value="#@modfolder:Resources/guppyRobotDog.unity3d?guppyRobotDog.prefab"/>
			<property name="MoveSpeed" value=".08"/>
      <property name="MoveSpeedPanic" value="0.55"/>      
			<property name="MoveSpeedAggro" value=".5, 1.25"/> 
      <property name="JumpMaxDistance" value="6, 7"/>      
			<property name="HandItem" value="meleeHandAnimalCoyote"/>
			<property name="AIPathCostScale" value="100, 100"/>
			<property name="AITask-1" value="Swim"/>
			<property name="AITask-2" value="ApproachAndAttackTarget" data="class=EntityPlayer,30"/>
      <property name="AITask-3" value="ApproachSpot"/>      
      <property name="AITarget-1" value="SetAsTargetIfHurt"/>      
      <property name="AITarget-2" value="SetNearestEntityAsTarget" data="class=EntityPlayer,50,50"/>      
			<property name="SoundRandom" value=""/>
			<property name="SoundAlert" value=""/>
			<property name="SoundHurt" value=""/>
			<property name="SoundDeath" value=""/>
			<property name="SoundAttack" value=""/>
			<property name="SoundSense" value=""/>
			<property name="SoundGiveUp" value=""/>
			<property name="ExperienceGain" value="2"/>
			<property name="DeadBodyHitPoints" value="1000"/>
			<effect_group name="Base Effects">
				<passive_effect name="HealthMax" operation="base_set" value="280"/>
				<passive_effect name="HealthMax" operation="perc_set" value="1"/>
				<passive_effect name="StaminaMax" operation="base_set" value="100"/>
				<passive_effect name="PhysicalDamageResist" operation="base_set" value="1" />
				<passive_effect name="BuffResistance" operation="base_add" value="1" tags="buffInjuryBleeding,buffInjuryBleedingZombie,buffInfectionCatch"/>
			</effect_group>
			<drop event="Harvest" name="resourceScrapIron" count="0" tool_category="Disassemble"/>
			<drop event="Harvest" name="resourceMechanicalParts" tag="salvageHarvest" count="5"/>
			<drop event="Harvest" name="resourceElectricParts" tag="salvageHarvest" count="2"/>
			<drop event="Harvest" name="resourceCloth" tag="salvageHarvest" count="12"/>
      <property name="LootListAlive" value="guppyRobotDog"/> 
			<property name="NPCID" value="spheretest"/> 
			<property name="Hirable" value="true" />
      <property name="TimeStayAfterDeath" value="3600"/>
      <property name="SurfaceCategory" value="metal"/>      
		</entity_class>	 -->
  
			<!-- this is the npcFox from npc mod with a swapped mesh and names and hiring currency. also changed harvest results. mj -->
		<entity_class name="guppyRobotDogXmjedit" extends="npcAnimalMeleeTemplate">
			<property name="Tags" value="entity,animal,npc,guppyRobotDog2,perkAT01,perkAT02,perkAT03,perkAT04,perkAT05"/>
			<property name="Faction" value="whiteriver"/>
			<property name="MapIcon" value="ui_game_symbol_tracking_wolf"/>
			<property name="TrackerIcon" value="ui_game_symbol_tracking_wolf"/>
			<property name="LookAtAngle" value="0"/> 
			<property name="HasRagdoll" value="true"/>
			<property name="HasDeathAnim" value="true"/>
			<property name="RootMotion" value="false"/>
			<property name="Faction" value="companionanimals"/>	
			<property name="PhysicsBody" value="ArcticFox"/>
			<property name="IsEntityAnimal" value="true"/> 
			<property name="IsEnemyEntity" value="false"/> 			
			<property name="Mesh" value="#@modfolder:Resources/guppyRobotDog.unity3d?guppyRobotDog.prefab"/>
			<property name="HandItem" value="meleeHandAnimalFox"/>
			<!-- <property name="RightHandJointName" value="guppyRobotDog_Head_bone" /> -->
			<property name="ExperienceGain" value="300"/>
			<property name="DeadBodyHitPoints" value="200"/>
			<property name="SizeScale" value="1.3"/> 
			<property name="Weight" value="5"/> <!-- Game weight for being moved  -->
			<property name="Mass" value="30"/> <!-- Ragdoll mass  -->
			<property name="LootListAlive" value="guppyRobotDog"/> 
			<property name="NPCID" value="NPCAnimalGeneric"/> 
			<property name="Hirable" value="true" />
            <property name="Names" value="Sphereii" />        
            <property name="HireCurrency" value="carBattery" />
            <property name="HireCost" value="1" />
			<drop event="Harvest" name="resourceScrapIron" count="0" tool_category="Disassemble"/>
			<drop event="Harvest" name="resourceMechanicalParts" tag="salvageHarvest" count="5"/>
			<drop event="Harvest" name="resourceElectricParts" tag="salvageHarvest" count="2"/>
			<drop event="Harvest" name="resourceCloth" tag="salvageHarvest" count="12"/>
 			<!-- <drop event="Harvest" name="foodRawMeat" count="0" tool_category="Butcher"/>
			<drop event="Harvest" name="foodRawMeat" tag="butcherHarvest" count="10"/>
			<drop event="Harvest" name="resourceLeather" tag="butcherHarvest" count="5"/>
			<drop event="Harvest" name="resourceAnimalFat" tag="butcherHarvest" count="2"/>
			<drop event="Harvest" name="resourceBone" tag="butcherHarvest" count="8"/>
			<drop event="Harvest" name="resourceBone" tag="allToolsHarvest" count="3"/>
			<drop event="Harvest" name="foodRawMeat" count="1" tag="WasteTreasuresCompleteHarvest"/>
			<drop event="Harvest" name="resourceLeather" count="1" tag="WasteTreasuresCompleteHarvest"/>
			<drop event="Harvest" name="resourceBone" count="1" tag="WasteTreasuresCompleteHarvest"/> -->
			<property class="Boundary" >
                <property name="BoundaryBox" value=".2,.3,1.1" />
                <property name="Center" value="0,.15,0"/>
            </property>
			<property name="MoveSpeed" value="0.4"/> 
			<property name="MoveSpeedAggro" value="1.0, 1.5"/> 
			<property name="MoveSpeedPanic" value="1.2"/>
			<property name="MoveSpeedRand" value="-.05, .25"/> 
			<effect_group>
				<passive_effect name="HealthMax" operation="perc_set" value="1.5"/>
                <passive_effect name="PhysicalDamageResist" operation="perc_add" value="1.5" />
				<passive_effect name="WalkSpeed" operation="base_set" value=".75"/>
				<passive_effect name="RunSpeed" operation="base_set" value="1.0"/> 
				<passive_effect name="HealthChangeOT" operation="base_set" value="0.25"/>  <!-- heal x point of (red) health / minute -->
				<passive_effect name="DamageModifier" operation="perc_set" value="1"/>
				<passive_effect name="DamageModifier" operation="perc_add" value="1" tags="head"/>
				<passive_effect name="DismemberChance" operation="base_set" value=".05"/> 
				<passive_effect name="WaterMax" operation="base_set" value="100"/> 
				<passive_effect name="CrouchSpeed" operation="base_set" value=".3"/> 
				<passive_effect name="WalkSpeed" operation="base_set" value="0.35" tags="swimming"/>
				<passive_effect name="RunSpeed" operation="base_set" value="0.35" tags="swimming"/>
				<passive_effect name="Mobility" operation="base_set" value="1"/> 
				<passive_effect name="JumpStrength" operation="base_set" value="4.2"/> 
			</effect_group>
		</entity_class>	
    
	</append>
</configs>