<configs>
	<append xpath="/items">

    <item name="guppyRobotDogXmjedit">
      <property name="Tags" value="perkAdvancedEngineering"/>
      <property name="DescriptionKey" value="guppyRobotDog_desc"/>
      <property name="HoldType" value="7"/>
      <property name="HoldingItemHidden" value="true"/>
      <property name="Meshfile" value="#@modfolder:Resources/guppyRobotDog.unity3d?guppyRobotDog.prefab"/>
      <property name="DropMeshfile" value="#@modfolder:Resources/guppyRobotDog.unity3d?guppyRobotDog.prefab"/>
      <property name="Material" value="Mmetal"/>
      <property name="Stacknumber" value="1"/>
      <property name="EconomicValue" value="6000"/>
      <property name="CreativeMode" value="Player"/>
      <property name="CustomIcon" value="guppyRobotDog"/>
	  <property name="UnlockedBy" value="perkAdvancedEngineering,guppyRobotDogSchematic"/>
      <property name="SellableToTrader" value="false"/>
      <property name="Group" value="Science,Robotics"/>
      <property class="Action1">
        <property name="Class" value="SpawnVehicle"/>
        <property name="Vehicle" value="guppyRobotDogXmjedit"/>
      </property>
    </item>
    
    <item name="guppyRobotDogSchematic">
      <property name="Extends" value="schematicMaster"/>
      <property name="CreativeMode" value="Player"/>
      <property name="CustomIcon" value="guppyRobotDog"/>
      <property name="Unlocks" value="guppyRobotDogXmjedit"/>
      <effect_group tiered="false">
        <triggered_effect trigger="onSelfPrimaryActionEnd" action="ModifyCVar" cvar="guppyRobotDogXmjedit" operation="set" value="1" />
      </effect_group>
    </item>    
    
   </append>
</configs>